PMC000XXXXX_json_ascii.tar.gz	2024-09-21 03:39:00
PMC030XXXXX_json_ascii.tar.gz	2024-03-01 22:59:00
PMC110XXXXX_json_ascii.tar.gz	2024-03-01 22:59:00
PMC105XXXXX_json_ascii.tar.gz	2024-09-25 22:33:00
PMC100XXXXX_json_ascii.tar.gz	2024-09-25 19:10:00
PMC095XXXXX_json_ascii.tar.gz	2024-09-25 05:31:00
PMC090XXXXX_json_ascii.tar.gz	2024-09-24 20:02:00
PMC085XXXXX_json_ascii.tar.gz	2024-09-24 10:37:00
PMC080XXXXX_json_ascii.tar.gz	2024-09-24 03:26:00
PMC075XXXXX_json_ascii.tar.gz	2024-09-23 19:42:00
PMC065XXXXX_json_ascii.tar.gz	2024-09-23 03:27:00
PMC060XXXXX_json_ascii.tar.gz	2024-03-01 22:59:00
PMC055XXXXX_json_ascii.tar.gz	2024-09-22 14:24:00
PMC050XXXXX_json_ascii.tar.gz	2024-09-22 09:07:00
PMC045XXXXX_json_ascii.tar.gz	2024-09-22 03:28:00
PMC040XXXXX_json_ascii.tar.gz	2024-09-21 20:23:00
PMC035XXXXX_json_ascii.tar.gz	2024-09-21 13:39:00
PMC070XXXXX_json_ascii.tar.gz	2024-09-23 11:46:00